Workbook

Sheet Monthly Data
A1: Month | B1: Orders | C1: Product Revenue (R$) | D1: Freight Cost (R$)
A2: 42736 | B2: 787 | C2: 120098.27 | D2: 16845.19
A3: 42767 | B3: 1718 | C3: 244959.35 | D3: 38602.34
A4: 42795 | B4: 2617 | C4: 368341.32 | D4: 57276.64
A5: 42826 | B5: 2377 | C5: 353842.98 | D5: 52005.63
A6: 42856 | B6: 3640 | C6: 503159.19 | D6: 79551.64
A7: 42887 | B7: 3205 | C7: 429916.61 | D7: 69735.63
A8: 42917 | B8: 3946 | C8: 492287.3 | D8: 86466.43
A9: 42948 | B9: 4272 | C9: 568245.79 | D9: 93657.73
A10: 42979 | B10: 4227 | C10: 621415.91 | D10: 95686.81
A11: 43009 | B11: 4547 | C11: 660179.62 | D11: 104576.41
A12: 43040 | B12: 7421 | C12: 1003862.1 | D12: 168329.54
A13: 43070 | B13: 5618 | C13: 742183.79 | D13: 119342.98
... A21: 43313 | B21: 6421 | C21: 848860.1 | D21: 148113.41

Sheet Financial Model
A1: Month | B1: Orders | C1: Total Revenue (R$) | D1: MoM Growth % | E1: Freight % of Revenue | F1: 3-Mo Forecast Revenue (R$) | G1: Month Index
A2: ='Monthly Data'!A2 | B2: ='Monthly Data'!B2 | C2: =('Monthly Data'!C2+'Monthly Data'!D2) | E2: =IFERROR('Monthly Data'!D2/('Monthly Data'!C2+'Monthly Data'!D2),"") | G2: 1
A3: ='Monthly Data'!A3 | B3: ='Monthly Data'!B3 | C3: =('Monthly Data'!C3+'Monthly Data'!D3) | D3: =IFERROR((C3-C2)/C2,"") | E3: =IFERROR('Monthly Data'!D3/('Monthly Data'!C3+'Monthly Data'!D3),"") | G3: 2
A4: ='Monthly Data'!A4 | B4: ='Monthly Data'!B4 | C4: =('Monthly Data'!C4+'Monthly Data'!D4) | D4: =IFERROR((C4-C3)/C3,"") | E4: =IFERROR('Monthly Data'!D4/('Monthly Data'!C4+'Monthly Data'!D4),"") | G4: 3
A5: ='Monthly Data'!A5 | B5: ='Monthly Data'!B5 | C5: =('Monthly Data'!C5+'Monthly Data'!D5) | D5: =IFERROR((C5-C4)/C4,"") | E5: =IFERROR('Monthly Data'!D5/('Monthly Data'!C5+'Monthly Data'!D5),"") | G5: 4
A6: ='Monthly Data'!A6 | B6: ='Monthly Data'!B6 | C6: =('Monthly Data'!C6+'Monthly Data'!D6) | D6: =IFERROR((C6-C5)/C5,"") | E6: =IFERROR('Monthly Data'!D6/('Monthly Data'!C6+'Monthly Data'!D6),"") | G6: 5
A7: ='Monthly Data'!A7 | B7: ='Monthly Data'!B7 | C7: =('Monthly Data'!C7+'Monthly Data'!D7) | D7: =IFERROR((C7-C6)/C6,"") | E7: =IFERROR('Monthly Data'!D7/('Monthly Data'!C7+'Monthly Data'!D7),"") | G7: 6
A8: ='Monthly Data'!A8 | B8: ='Monthly Data'!B8 | C8: =('Monthly Data'!C8+'Monthly Data'!D8) | D8: =IFERROR((C8-C7)/C7,"") | E8: =IFERROR('Monthly Data'!D8/('Monthly Data'!C8+'Monthly Data'!D8),"") | G8: 7
A9: ='Monthly Data'!A9 | B9: ='Monthly Data'!B9 | C9: =('Monthly Data'!C9+'Monthly Data'!D9) | D9: =IFERROR((C9-C8)/C8,"") | E9: =IFERROR('Monthly Data'!D9/('Monthly Data'!C9+'Monthly Data'!D9),"") | G9: 8
A10: ='Monthly Data'!A10 | B10: ='Monthly Data'!B10 | C10: =('Monthly Data'!C10+'Monthly Data'!D10) | D10: =IFERROR((C10-C9)/C9,"") | E10: =IFERROR('Monthly Data'!D10/('Monthly Data'!C10+'Monthly Data'!D10),"") | G10: 9
A11: ='Monthly Data'!A11 | B11: ='Monthly Data'!B11 | C11: =('Monthly Data'!C11+'Monthly Data'!D11) | D11: =IFERROR((C11-C10)/C10,"") | E11: =IFERROR('Monthly Data'!D11/('Monthly Data'!C11+'Monthly Data'!D11),"") | G11: 10
A12: ='Monthly Data'!A12 | B12: ='Monthly Data'!B12 | C12: =('Monthly Data'!C12+'Monthly Data'!D12) | D12: =IFERROR((C12-C11)/C11,"") | E12: =IFERROR('Monthly Data'!D12/('Monthly Data'!C12+'Monthly Data'!D12),"") | G12: 11
A13: ='Monthly Data'!A13 | B13: ='Monthly Data'!B13 | C13: =('Monthly Data'!C13+'Monthly Data'!D13) | D13: =IFERROR((C13-C12)/C12,"") | E13: =IFERROR('Monthly Data'!D13/('Monthly Data'!C13+'Monthly Data'!D13),"") | G13: 12
A14: ='Monthly Data'!A14 | B14: ='Monthly Data'!B14 | C14: =('Monthly Data'!C14+'Monthly Data'!D14) | D14: =IFERROR((C14-C13)/C13,"") | E14: =IFERROR('Monthly Data'!D14/('Monthly Data'!C14+'Monthly Data'!D14),"") | G14: 13
... A21: ='Monthly Data'!A21 | B21: ='Monthly Data'!B21 | C21: =('Monthly Data'!C21+'Monthly Data'!D21) | D21: =IFERROR((C21-C20)/C20,"") | E21: =IFERROR('Monthly Data'!D21/('Monthly Data'!C21+'Monthly Data'!D21),"") | G21: 20
A22: =EDATE($A$21,1) | F22: =TREND($C$2:$C$21,$G$2:$G$21,G22) | G22: =20+1
A23: =EDATE($A$21,2) | F23: =TREND($C$2:$C$21,$G$2:$G$21,G23) | G23: =20+2
A24: =EDATE($A$21,3) | F24: =TREND($C$2:$C$21,$G$2:$G$21,G24) | G24: =20+3

Sheet Delivery SLA What-If
A1: Delivery SLA - Revenue-at-Risk Model
A3: Delivered orders (actual) | B3: 96470
A4: Late-delivered orders (actual) | B4: 7826
A5: Current late-delivery rate | B5: =B4/B3
A6: Average order value (R$) | B6: 159.83
A8: --- Adjustable Inputs ---
A9: Target late-delivery rate | B9: 0.05
A10: Est. repeat-purchase loss per late delivery (%) | B10: 0.15
A11: Est. avg customer lifetime orders | B11: 2.5
A13: --- Model Output ---
A14: Orders that need to shift from 'late' to 'on-time' | B14: =MAX(B4-(B9*B3),0)
A15: Revenue currently at risk from late deliveries (R$) | B15: =B4*B6*B10*B11
A16: Revenue recovered if target SLA is hit (R$) | B16: =B14*B6*B10*B11
A19: Model logic: revenue-at-risk = (late orders) x (repeat-purchase-loss %) x (avg customer lifetime orders) x (avg order value). Change the yellow input cells (target SLA %, assumed loss rate) to re-run the scenario live.
